crop,disease,symptoms,control
Wheat,Powdery Mildew,"Disease symptoms:
Powdery mildew can easily be diagnosed by the white, powdery patches that form on the upper surface of leaves and stem.
Greyish white powdery growth appears on the leaf, sheath, stem and floral parts.
Powdery growth later become black lesion and cause drying of leaves and other parts.Survival and spread
Fungus remains in high hills during summers in infected plant debris as dormant mycelium and asci. Primary spread is by the asciospores and secondary spread through airborne conidia.
Favourable conditions
The disease infects plants during periods of high humidity (not necessarily rain) and cool to moderate temperatures (20-21°C).                                                                                                                                                                                                         Survival and spread:
Fungus remains in high hills during summers in infected plant debris as dormant mycelium and asci. Primary spread is by the asciospores and secondary spread through airborne conidia.
Favourable conditions:
The disease infects plants during periods of high humidity (not necessarily rain) and cool to moderate temperatures (20-21°C).",Spray Carbendazim (0.05%) on the crop at an interval of 15 days
Wheat,Loose Smut,"Disease symptoms:
It is a seed borne disease; infection occurs during Loose Smut flowering through wind-borne spores.
The infection remains dormant inside the otherwise healthy looking seed but the plants grown from such seeds bear infected inflorescence.
At this time, infected heads emerge earlier than normal heads. The entire inflorescence is commonly affected and appears as a mass of olive-black spores, initially covered by a thin gray membrane.
Once the membrane ruptures, the head appears powdery.
Survival and spread:
The disease is internally seed borne, where pathogen infects the embryo in the seed.
Primary infection occurs by sowing infected seeds.
Favourable conditions:
Infection is favored by cool, humid conditions during flowering period of the host plant.","1. Grow disease resistant varieties.
2. Soak the seed for 6 hours in Propiconazole 25 E.C. solution and then go for sowing after drying the seed in shade or treat the seeds with Carbendazim (2.5 g/kg seed) or Rexil (1 g/kg seed).
3. As soon as the symptoms of the disease appear, remove the diseased plants and burn them or bury them outside the field.
Note: Treat seeds at the time of sowing."
Wheat,Brown Rust,"Disease symptoms:
The most common site for symptoms is on upper leaf blades, however, sheaths, glumes and awns may occasionally become infected and exhibit symptoms.
The pustules are circular or slightly elliptical, smaller than those of stem rust, usually do not coalesce, and contain masses of orange to orange-brown Urediospores.
Survival and spread:
Pathogen over-summers in low and mid altitudes of Himalayas and Nilgiris. Primary infections develop from wind deposited urediospores in eastern Indo-gangetic plains in middle of January where it multiplies and moves westwards by March Alternate host is Thalictrum sp.
Favourable conditions:
Temperatures of 20-25° C with free moisture (rain or dew) cause epidemics. Severe infection causes upto 30 percent yield losses.","1. Grow disease resistant varieties like H.P.W.- 360, 368, 349, H.S.-562, H.S.-542 etc. After 2-3 years, replace them with new approved disease resistant varieties.
2. As soon as the first symptoms of disease appear in the crop, spray Prapiconazole 25 EC. (0.1%) or Mancozeb 75 W.P. (0.2%) at an interval of 15 days."
Wheat,Stripe Rust / Yellow Rust,"Disease symptoms:
Mainly occur on leaves than the leaf sheaths and stem. Bright yellow pustules (Uredia) appear on leaves at early stage of crop and pustules are arranged in linear rows as stripes.
The stripes are yellow to orange yellow. The teliospores are also arranged in long stripes and are dull black in colour.
The pustules of stripe rust, which, contain yellow to orange-yellow urediospores, usually form narrow stripes on the leaves.
Pustules also can be found on leaf sheaths, necks, and glumes.
Survival and spread:
The inoculum survives in the form of uredospores /teliospores in the northern hills during off season on self sown crop or volunteer hosts, which provide an excellent source of inoculums and primary spread occur through uredospores from hills
Favourable conditions:
Disease is prominent when temperature is 10-20°C and high humidity.","1. Grow disease resistant varieties like H.P.W.- 360, 368, 349, H.S.-562, H.S.-542 etc. After 2-3 years, replace them with new approved disease resistant varieties.
2. As soon as the first symptoms of disease appear in the crop, spray Prapiconazole 25 EC. (0.1%) or Mancozeb 75 W.P. (0.2%) at an interval of 15 days."
Wheat,Black Rust,"Disease symptoms:
Symptoms are produced on almost all aerial parts of the wheat plant but are most common on stem, leaf sheaths and upper and lower leaf surfaces.
Pustules (containing masses of urediospores) are dark reddish brown - occur on both sides of the leaves, on the stems, and on the spikes.
Pustules are usually separate and scattered, heavy infections -coalesce.
Prior to pustule formation, ""flecks"" may appear. Before the spore masses break through the epidermis, the infection sites feel rough to the touch.
As the spore masses break through, the surface tissues take on a ragged and torn appearance.
Survival and spread:
Both survive on stubbles and volunteer crops, alternate host: Berberis spp. and primary spread occur through uredospores from southern hills
Favourable conditions:
Moisture and temperature above 20° C favours the development of disease.","1. Grow disease resistant varieties like H.P.W.- 360, 368, 349, H.S.-562, H.S.-542 etc. After 2-3 years, replace them with new approved disease resistant varieties.
2. As soon as the first symptoms of disease appear in the crop, spray Prapiconazole 25 EC. (0.1%) or Mancozeb 75 W.P. (0.2%) at an interval of 15 days. and grow recommended crop variety"
Wheat,Flag Smut,"Disease symptoms:
Symptoms can be seen on stem, clum and leaves from late seedling stage to maturity.
The seedling infection leads to twisting and drooping of leaves followed by withering.
Grey to grayish black sori occurs on leaf blade and sheath. The sorus contains black powdery mass of spores.
Survival and spread:
The disease is seed and soil borne. Smut spores are viable for more than 10 years.
Primary infection occurs by sowing infected seeds or by resting spores present in the soil.
Favourable conditions:
Temperature of 18-24°C.
Relative humidity 65% and above.","1. Treat the seeds with Carbendazim (2.5 g/kg seed).
2. Do not delay sowing.
3. Irrigate the field immediately after sowing where the disease is prevalent.
4. Remove diseased plants and burn them."
Wheat,Hill Bunt (Stinking Smut),"Disease symptoms:
The fungus attacks seedling of 8-10 days old and become systemic and grows along the tip of shoot.
At the time of flowering hyphae concentrate in the inflorescence and spikelets and transforming the ovary into smut sorus of dark green color with masses of chlamydospores.
The diseased plants mature earlier and all the spikelets are affected.
Survival and spread:
The pathogen survives in seeds and sowing such seeds are source of primary infection.
Favourable conditions:
Temperature of 18-20°C.
High soil moisture.",Treat the seeds with Carbendazim ( 2.5g / k * g seed).
Wheat,Karnal Bunt,"Disease symptoms:
Symptoms of Karnal bunt are often difficult to distinguish in the field due to the fact that incidence of infected kernels on a given head is low.
There may be some spreading of the glumes due to sorus production but it is not as extensive as that observed with common bunt.
Symptoms are most readily detected on seed after harvest.
Survival and spread:
The disease is seeds borne and sowing of infected seeds is the source of primary infection.
Fabourable conditions:
Temperature of 18-20°C.
High soil moisture.","1. Grow recommended varieties.
2. Treat the seeds with Carbendazim (2.5 g/kg seed).
3. First spray of Propiconazole 25 E.C. (0.1%) on flag leaf stage of crop is recommended and second spray when 50% of the ear buds emerge from the plants (10-12 days after the first spray). Spray Propiconazole only for seed crops.
Note: It has been observed that fungicide chemicals do not have residual toxicity as compared to pesticide chemicals. If the crop fails for seed, that may be consumed by the farmer as food."
Wheat,Leaf Blight,"Disease symptoms:
Reddish brown oval spots appear on young seedlings with bright yellow margin. In severe cases, several spots coalesce to cause drying of leaves.
It is a complex disease, having association of A. triticina, B. sorokiniana and A. alternate.
Survival and spread:
Primary spread is by externally seed-borne and soil borne conidia. Secondary spread by air-borne conidia.
Favourable conditions:
Temperature of 25°C and high relative humidity.","Seed Treatment: Treat seeds with Carbendazim (2.5 g/kg seed) to prevent primary infection.
Cultural Practices:
Crop Rotation: Avoid planting wheat in the same field for at least two years.
Residue Management: Deeply plow or burn infested crop debris to remove inoculum.
Field Hygiene: Remove weeds and collateral hosts.
Balanced Fertilizer: Avoid excessive nitrogen application, which can increase susceptibility.
Chemical Control (Fungicides):
First Spray: Apply Propiconazole 25 E.C. (0.1% or 500 ml/ha) at the flag leaf stage.
Second Spray: Apply 10-12 days later, particularly when 50% of ear buds emerge.
Alternative: For bacterial blight, use Streptocyclin (250 ppm) in combination with copper fungicides. "
Wheat, Fusarium Leaf Blotch,"Disease symptoms:
The blotching caused by this organism becomes evident on leaves at about late-joint to early-boot growth stage.
Young lesions occur as oval to elliptical, greyish green mottled areas, usually located where the leaf bends. The lesions enlarge rapidly, developing into large, ""eyespot"" blotches with bleached or light grey centers; the leaves tend to split or shred, beginning at the centers of the lesions.                                                                                                              Survival and spread:
The disease is soil borne and inoculums of fungi survive in soil. Spores are produced on crop debris left on or near the soil surface. These spores are transmitted to leaves by the wind or by splashing rain.
Favourable conditions:
Disease development is favored by cool, moist weather.","iming: Apply fungicides when \(50\%\) of the crop is flowering (anthesis), as this is the most critical time for infection.Recommended Chemicals: Triazole fungicides such as tebuconazole or prothioconazole are effective.Application Method: Use higher water volumes and coarse droplets to ensure the fungicide coats the wheat head thoroughly."
Wheat,Foot Rot,"Disease symptoms:
The disease mainly occurs in seedlings and roots and rootlets become brown in colour.
Seedlings become pale green and have stunted growth.
Fungus produces sporangia and zoospores and oospores.
Survival and spread:
The disease is soil borne, pathogens survives in soil.
Primary spread occurs through soil and irrigation water.
Favourable conditions:
Wet weather and high rainfall.","Controlling foot rot (caused by Fusarium spp. or Sclerotium rolfsii) in Indian wheat requires an integrated approach. The most effective strategy is treating seeds with fungicides like carboxin 37.5% + thiram 37.5% WP (Vitavax) at 2g/kg seed or Carbendazim at 2g/kg. Additionally, crop rotation, avoiding deep planting, and ensuring proper soil drainage are crucial to reducing disease incidence. Key Management Strategies: Seed Treatment (Most Effective):Treat seeds with Carboxin 37.5% + Thiram 37.5% WP (Vitavax power) at \(2\text{g/kg}\) of seed.Alternatively, use Carbendazim 50 WP or Thiram at \(2\text{g/kg}\) of seed.Seed soaking in a fungicide solution (triflumizole, propiconazole, prochloraz) for 5 hours can also be effective."
Wheat,Head Scab ,"Disease symptoms:                                                                                                                                                                                                                The fungus also can cause head scab.
Symptoms of Fusarium head blight include tan or light brown lesions encompassing one or more spikelets. Some diseased spikelets may have a dark brown discoloration at the base and an orange fungal mass along the lower portion of the glume.
Grain from plants infected by Fusarium head blight is often shriveled and has a white chalky appearance.
Some kernels may have a pink discoloration.
Infected florets (especially the outer glumes) become slightly darkened and oily in appearance.                      Survival and spread:
The disease is soil borne and inoculums of fungi survive in soil. Spores are produced on crop debris left on or near the soil surface. These spores are transmitted to leaves by the wind or by splashing rain.
Favourable conditions:
Disease development is favored by cool, moist weather.","Controlling head scab (Fusarium Head Blight) in Indian wheat requires an integrated approach, focusing on applying triazole fungicides (like Prosaro or Caramba) at 50-100% flowering, choosing resistant cultivars, and managing crop residue to reduce inoculum. Ensuring proper drainage and avoiding excess nitrogen also reduces infection risks. 
Key Control Measures
Fungicide Application (Most Critical): Apply fungicides when wheat heads are flowering, as this is the most vulnerable stage for infection.
Recommended Products: Triazole-based fungicides like Prosaro, Caramba, Proline, or Miravis Ace are highly effective.
Application Timing: 5-7 days after the start of flowering, ideally coinciding with warm (25-30°C) and humid (>85% RH) conditions.
Avoid: Strobilurin fungicides (Group 11) after heading, as they can increase DON (vomitoxin) levels."
Wheat,Helminthosporium Leaf Blotch (Spot Blotch),"Disease symptoms:
Lesions caused by this disease are elongated to oval in shape and are generally a dark brown color.
As lesions mature, the centers often turn a light brown to tan color, surrounded by an irregular dark brown ring (21 on leaf; 22 on spike).
Primary infections tend to be on the lower leaves, beginning as chlorotic flecks or spots. These infection sites enlarge, turn dark brown, and often coalesce. When the disease is severe, affected leaves or leaf sheaths may die prematurely.
Survival and spread:
The Disease is seed as well as soil borne and inoculums present in the seeds and soil are the source of primary infection.
Favourable conditions:
Disease is prevalent in more humid and higher rainfall areas.","Key Control Measures: Resistant Varieties: Plant moderately resistant or tolerant wheat varieties suited to the region to limit initial infection.Seed Treatment: Treat seeds with fungicides like Carboxin or Thiram to reduce the primary inoculum load. Trichoderma viride (4 g/kg) can be used as a bio-agent seed dresser.Fungicide Application (Foliar Spray):Propiconazole (0.1%) is highly effective, especially when sprayed twice: at the tillering stage and the boot leaf stage.Alternatively, spraying Tebuconazole or a combination like Nativo (Trifloxystrobin (25%) + Tebuconazole (50%) at (0.4 g/liter) can be used.Fungicides are best applied when disease is first observed on flag leaves.Cultural Practices:Crop Rotation: Practice rotation with crops like rice, soybean, or sunflower to reduce soil-borne inoculum.Tillage: Proper deep ploughing to bury crop residues.Sowing Time: Adjust sowing dates to avoid high temperature and humidity during critical growth stages.Optimal Nutrition: Balanced fertilization strengthens plants against infection. "
Wheat,Seedling Blight,"Disease symptoms:
This symptom is seen when ears become infected during the early flowering stages. Later infections may result in infection of the grain but without obvious bleaching of the ears.
Fusarium lesions often begin in the leaf sheath at the stem base where crown roots split the leaf sheath when emerging. This infection can then spread up the leaf sheath causing long dark brown streaks at the stem base
The ear blight phase of the disease can cause yield loss but is most important as it can result in mycotoxin production in the grain.
Survival and spread:
The most important source of Fusarium for wheat crops is the seed but the fungus can also survive on debris in the soil
Favourable conditions:
Relatively high soil moisture and soil temperature are favourable for the infection.","Cultural Control Measures
Seed Selection: Use certified, healthy, and high-quality seeds to minimize initial infection.
Crop Rotation: Practice rotation with non-cereal crops for at least two years to break the infection cycle.
Field Hygiene: Remove or burn infected crop residues to prevent soilborne pathogens from persisting.
Planting Practices: Plant seeds shallow in warm, well-drained soil to encourage rapid germination.
Nutrient Management: Avoid excessive nitrogen application, which can increase susceptibility. 
Chemical Control (Seed Treatments & Fungicides)
Seed Treatment: Treat seeds with fungicides like Celest Formula M (fludioxonil), Celest Extra Formula M (difenoconazole + fludioxonil), or Carboxin + Thiram to protect against Fusarium and other fungi.
Foliar Sprays: Use triazole or strobilurin fungicides (e.g., Propiconazole, Tebuconazole) if symptoms appear later to control spread. "
